id;login;password;first_name;last_name;email;activated;lang_key;image_url;activation_key;reset_key;reset_date;designation;nid;company
1;overriding;microchip transmit input;Jena;Emard;Sadye.Keebler75@gmail.com;false;e-tailers Global neural;Open-source Regional navigating;black online;Tasty Soft Shoes 24 hour;2020-06-17;functionalities virtual;Fall Shore;hack
2;backing up Engineer Checking Account;models navigate;Olen;Lynch;Kiara93@gmail.com;false;engage Compatible;neural Bike AGP;Checking Account Bacon Representative;hard drive Multi-channelled firewall;2020-06-17;customer loyalty;wireless;Kroon synergistic
3;granular;Home Loan Account Michigan Personal Loan Account;Oren;Ebert;Lorine_Metz@hotmail.com;true;hard drive mobile moratorium;Buckinghamshire Intelligent;interface Berkshire;microchip Convertible Marks;2020-06-17;Balanced Jamaican Dollar back up;PCI Communications Jewelery;connecting Checking Account core
4;quantifying;Soft;Branson;Hyatt;Marlee.Dicki89@hotmail.com;false;high-level real-time;mint green;Communications pixel Automotive;Metal Applications auxiliary;2020-06-17;model Borders Facilitator;Producer backing up;Rustic Fish
5;Buckinghamshire convergence;North Carolina experiences Iceland Krona;Griffin;Bayer;Priscilla_Hauck@hotmail.com;true;ubiquitous system circuit;deliverables;Intelligent Nakfa action-items;Associate generate;2020-06-17;parse Mali infomediaries;solid state benchmark Soap;hard drive Fantastic Frozen Hat Buckinghamshire
6;Ball Multi-layered index;Fantastic Soft Ball Money Market Account;Cathy;Bayer;Osvaldo.Rodriguez63@gmail.com;true;Automotive;schemas structure;Auto Loan Account;Investment Account Cambridgeshire;2020-06-17;vertical eyeballs;Fully-configurable Unbranded;withdrawal Intranet
7;Personal Loan Account;Checking Account Product Metrics;Terry;Brakus;Marilou_Rosenbaum@yahoo.com;true;Music;overriding fuchsia world-class;infrastructure;Wooden Pizza;2020-06-17;actuating multi-byte Illinois;Borders Croatian Kuna hacking;markets ADP
8;bluetooth encompassing Canada;bypassing;Dedric;Medhurst;Winston15@hotmail.com;true;Soap West Virginia;Tasty Wooden Chips;Stravenue Credit Card Account;online discrete Christmas Island;2020-06-17;Circles Music;generate;Soft Table
9;Sierra Leone Ergonomic Granite Bacon;Turnpike PCI Arkansas;Aliyah;Wiza;Remington82@hotmail.com;false;Home Loan Account Frozen;Assurance Bangladesh;Checking Account Borders;Plaza Infrastructure SQL;2020-06-16;Pennsylvania;parsing;Soft
10;bypass;mission-critical;Aidan;Christiansen;Delpha29@gmail.com;true;Licensed Concrete Mouse Producer;pixel;recontextualize Mission;Hawaii Generic ADP;2020-06-16;Hat;capability Democratic People's Republic of Korea indexing;Crossing Toys Tajikistan
